Temperature (K)	Pressure (psia)	Density (kg/m3)	Volume (m3/kg)	Internal Energy (kJ/mol)	Enthalpy (kJ/mol)	Entropy (J/mol*K)	Cv (J/mol*K)	Cp (J/mol*K)	Sound Spd. (m/s)	Joule-Thomson (F/psia)	Viscosity (uPa*s)	Therm. Cond. (W/m*K)	Phase
91.694	200.00	451.05	0.0022171	-1.1117	-1.0626	-10.940	34.728	53.960	1538.9	-0.0059836	201.45	0.21128	liquid
92.694	200.00	449.72	0.0022236	-1.0578	-1.0086	-10.355	34.628	54.015	1529.9	-0.0059568	195.30	0.21009	liquid
93.694	200.00	448.40	0.0022302	-1.0039	-0.95459	-9.7747	34.531	54.074	1520.8	-0.0059288	189.46	0.20889	liquid
94.694	200.00	447.06	0.0022368	-0.94996	-0.90048	-9.2003	34.436	54.136	1511.7	-0.0058998	183.90	0.20768	liquid
95.694	200.00	445.72	0.0022435	-0.89594	-0.84631	-8.6312	34.343	54.202	1502.6	-0.0058697	178.60	0.20645	liquid
96.694	200.00	444.38	0.0022503	-0.84186	-0.79208	-8.0674	34.253	54.270	1493.4	-0.0058386	173.54	0.20520	liquid
97.694	200.00	443.03	0.0022572	-0.78770	-0.73777	-7.5087	34.164	54.342	1484.1	-0.0058064	168.71	0.20394	liquid
98.694	200.00	441.68	0.0022641	-0.73348	-0.68339	-6.9549	34.077	54.416	1474.8	-0.0057731	164.09	0.20267	liquid
99.694	200.00	440.32	0.0022711	-0.67918	-0.62894	-6.4059	33.992	54.493	1465.4	-0.0057388	159.67	0.20138	liquid
100.69	200.00	438.96	0.0022781	-0.62480	-0.57440	-5.8616	33.907	54.573	1456.1	-0.0057033	155.44	0.20009	liquid
101.69	200.00	437.58	0.0022853	-0.57035	-0.51979	-5.3219	33.825	54.655	1446.6	-0.0056668	151.39	0.19878	liquid
102.69	200.00	436.21	0.0022925	-0.51581	-0.46509	-4.7867	33.743	54.739	1437.1	-0.0056291	147.51	0.19746	liquid
103.69	200.00	434.82	0.0022998	-0.46119	-0.41031	-4.2558	33.662	54.826	1427.6	-0.0055902	143.78	0.19614	liquid
104.69	200.00	433.43	0.0023072	-0.40648	-0.35544	-3.7292	33.582	54.916	1418.1	-0.0055502	140.20	0.19480	liquid
105.69	200.00	432.04	0.0023146	-0.35168	-0.30048	-3.2067	33.504	55.008	1408.4	-0.0055090	136.76	0.19346	liquid
106.69	200.00	430.64	0.0023222	-0.29680	-0.24542	-2.6883	33.426	55.102	1398.8	-0.0054665	133.45	0.19211	liquid
107.69	200.00	429.23	0.0023298	-0.24181	-0.19027	-2.1738	33.348	55.199	1389.1	-0.0054226	130.26	0.19075	liquid
108.69	200.00	427.81	0.0023375	-0.18674	-0.13503	-1.6631	33.272	55.298	1379.4	-0.0053775	127.20	0.18938	liquid
109.69	200.00	426.38	0.0023453	-0.13156	-0.079676	-1.1563	33.196	55.401	1369.6	-0.0053309	124.24	0.18801	liquid
110.69	200.00	424.95	0.0023532	-0.076282	-0.024223	-0.65302	33.121	55.506	1359.8	-0.0052830	121.39	0.18664	liquid
111.69	200.00	423.51	0.0023612	-0.020899	0.031336	-0.15336	33.047	55.614	1350.0	-0.0052335	118.64	0.18525	liquid
112.69	200.00	422.06	0.0023693	0.034590	0.087005	0.34283	32.973	55.724	1340.1	-0.0051824	115.98	0.18387	liquid
113.69	200.00	420.61	0.0023775	0.090190	0.14279	0.83562	32.900	55.839	1330.2	-0.0051298	113.42	0.18247	liquid
114.69	200.00	419.14	0.0023858	0.14590	0.19868	1.3251	32.828	55.956	1320.2	-0.0050755	110.94	0.18108	liquid
115.69	200.00	417.67	0.0023943	0.20173	0.25470	1.8114	32.756	56.076	1310.2	-0.0050194	108.54	0.17968	liquid
116.69	200.00	416.18	0.0024028	0.25768	0.31084	2.2945	32.685	56.201	1300.1	-0.0049615	106.22	0.17827	liquid
117.69	200.00	414.69	0.0024114	0.31376	0.36710	2.7746	32.614	56.329	1290.0	-0.0049018	103.97	0.17686	liquid
118.69	200.00	413.19	0.0024202	0.36996	0.42350	3.2518	32.545	56.460	1279.9	-0.0048400	101.79	0.17545	liquid
119.69	200.00	411.68	0.0024291	0.42629	0.48002	3.7260	32.476	56.596	1269.7	-0.0047762	99.677	0.17404	liquid
120.69	200.00	410.15	0.0024381	0.48275	0.53669	4.1975	32.407	56.736	1259.4	-0.0047102	97.628	0.17262	liquid
121.69	200.00	408.62	0.0024473	0.53936	0.59350	4.6662	32.339	56.881	1249.2	-0.0046420	95.640	0.17120	liquid
122.69	200.00	407.08	0.0024565	0.59611	0.65045	5.1323	32.272	57.030	1238.8	-0.0045715	93.710	0.16978	liquid
123.69	200.00	405.52	0.0024660	0.65301	0.70756	5.5959	32.205	57.185	1228.4	-0.0044985	91.835	0.16835	liquid
124.69	200.00	403.96	0.0024755	0.71006	0.76482	6.0570	32.140	57.344	1218.0	-0.0044229	90.013	0.16692	liquid
125.69	200.00	402.38	0.0024852	0.76727	0.82225	6.5157	32.075	57.509	1207.5	-0.0043447	88.240	0.16549	liquid
126.69	200.00	400.79	0.0024951	0.82465	0.87985	6.9721	32.010	57.680	1196.9	-0.0042636	86.516	0.16406	liquid
127.69	200.00	399.18	0.0025051	0.88219	0.93761	7.4262	31.947	57.857	1186.3	-0.0041796	84.837	0.16263	liquid
128.69	200.00	397.57	0.0025153	0.93992	0.99556	7.8783	31.884	58.041	1175.7	-0.0040925	83.203	0.16119	liquid
129.69	200.00	395.93	0.0025257	0.99782	1.0537	8.3283	31.822	58.231	1164.9	-0.0040021	81.610	0.15976	liquid
130.69	200.00	394.29	0.0025362	1.0559	1.1120	8.7763	31.760	58.428	1154.1	-0.0039083	80.056	0.15832	liquid
131.69	200.00	392.63	0.0025469	1.1142	1.1706	9.2224	31.700	58.633	1143.3	-0.0038109	78.542	0.15688	liquid
132.69	200.00	390.95	0.0025578	1.1727	1.2293	9.6668	31.640	58.846	1132.3	-0.0037098	77.063	0.15543	liquid
133.69	200.00	389.26	0.0025690	1.2314	1.2883	10.109	31.582	59.068	1121.3	-0.0036046	75.620	0.15399	liquid
134.69	200.00	387.55	0.0025803	1.2904	1.3474	10.550	31.524	59.299	1110.2	-0.0034952	74.210	0.15254	liquid
135.69	200.00	385.83	0.0025918	1.3495	1.4069	10.990	31.467	59.539	1099.1	-0.0033814	72.832	0.15110	liquid
136.69	200.00	384.09	0.0026036	1.4089	1.4665	11.428	31.411	59.790	1087.8	-0.0032629	71.484	0.14965	liquid
137.69	200.00	382.32	0.0026156	1.4686	1.5264	11.865	31.356	60.051	1076.5	-0.0031394	70.166	0.14820	liquid
138.69	200.00	380.54	0.0026278	1.5285	1.5866	12.300	31.303	60.324	1065.1	-0.0030107	68.875	0.14674	liquid
139.69	200.00	378.74	0.0026403	1.5887	1.6471	12.735	31.250	60.610	1053.6	-0.0028764	67.612	0.14529	liquid
140.69	200.00	376.92	0.0026531	1.6492	1.7078	13.168	31.198	60.909	1042.0	-0.0027362	66.373	0.14383	liquid
141.69	200.00	375.07	0.0026661	1.7099	1.7689	13.601	31.148	61.222	1030.2	-0.0025896	65.159	0.14237	liquid
142.69	200.00	373.21	0.0026795	1.7710	1.8303	14.032	31.099	61.550	1018.4	-0.0024364	63.968	0.14090	liquid
143.69	200.00	371.31	0.0026931	1.8324	1.8920	14.463	31.051	61.895	1006.5	-0.0022760	62.799	0.13943	liquid
144.69	200.00	369.39	0.0027071	1.8942	1.9541	14.894	31.005	62.257	994.46	-0.0021079	61.651	0.13796	liquid
145.69	200.00	367.45	0.0027215	1.9563	2.0165	15.324	30.960	62.639	982.28	-0.0019317	60.523	0.13649	liquid
146.69	200.00	365.48	0.0027362	2.0188	2.0794	15.754	30.917	63.041	969.98	-0.0017467	59.413	0.13501	liquid
147.69	200.00	363.47	0.0027512	2.0818	2.1426	16.183	30.875	63.465	957.54	-0.0015523	58.322	0.13353	liquid
148.69	200.00	361.44	0.0027667	2.1451	2.2063	16.613	30.835	63.914	944.95	-0.0013478	57.247	0.13204	liquid
149.69	200.00	359.37	0.0027826	2.2089	2.2705	17.043	30.797	64.389	932.21	-0.0011322	56.188	0.13055	liquid
150.69	200.00	357.27	0.0027990	2.2732	2.3351	17.473	30.760	64.893	919.30	-0.00090490	55.144	0.12905	liquid
151.69	200.00	355.13	0.0028159	2.3380	2.4003	17.904	30.726	65.430	906.21	-0.00066472	54.114	0.12754	liquid
152.69	200.00	352.95	0.0028333	2.4033	2.4660	18.336	30.694	66.001	892.94	-0.00041057	53.097	0.12603	liquid
153.69	200.00	350.73	0.0028512	2.4692	2.5323	18.769	30.665	66.611	879.47	-0.00014120	52.091	0.12451	liquid
154.69	200.00	348.46	0.0028698	2.5357	2.5992	19.203	30.638	67.264	865.79	0.00014485	51.097	0.12298	liquid
155.69	200.00	346.14	0.0028890	2.6029	2.6668	19.639	30.614	67.966	851.87	0.00044921	50.112	0.12144	liquid
156.49	200.00	344.26	0.0029047	2.6569	2.7211	19.987	30.597	68.562	840.62	0.00070572	49.335	0.12020	liquid
156.49	200.00	21.798	0.045876	7.9227	8.9376	59.711	29.170	51.394	284.41	0.20847	6.6389	0.020333	vapor
156.69	200.00	21.736	0.046006	7.9303	8.9480	59.778	29.109	51.165	284.87	0.20769	6.6455	0.020331	vapor
157.69	200.00	21.444	0.046634	7.9670	8.9987	60.100	28.835	50.131	287.09	0.20398	6.6780	0.020329	vapor
158.69	200.00	21.164	0.047250	8.0031	9.0483	60.414	28.600	49.227	289.23	0.20045	6.7107	0.020336	vapor
159.69	200.00	20.897	0.047854	8.0385	9.0972	60.721	28.398	48.427	291.32	0.19706	6.7437	0.020352	vapor
160.69	200.00	20.640	0.048450	8.0734	9.1452	61.021	28.221	47.713	293.34	0.19382	6.7767	0.020375	vapor
161.69	200.00	20.393	0.049036	8.1078	9.1926	61.315	28.065	47.071	295.31	0.19070	6.8100	0.020405	vapor
162.69	200.00	20.156	0.049614	8.1418	9.2394	61.603	27.926	46.489	297.24	0.18770	6.8433	0.020441	vapor
163.69	200.00	19.926	0.050185	8.1754	9.2856	61.886	27.801	45.957	299.12	0.18482	6.8768	0.020483	vapor
164.69	200.00	19.705	0.050749	8.2086	9.3313	62.165	27.688	45.469	300.97	0.18203	6.9104	0.020529	vapor
165.69	200.00	19.491	0.051306	8.2415	9.3766	62.438	27.585	45.019	302.78	0.17934	6.9441	0.020581	vapor
166.69	200.00	19.284	0.051857	8.2742	9.4214	62.708	27.491	44.602	304.56	0.17674	6.9779	0.020636	vapor
167.69	200.00	19.083	0.052403	8.3065	9.4658	62.974	27.404	44.214	306.30	0.17421	7.0118	0.020696	vapor
168.69	200.00	18.888	0.052944	8.3386	9.5098	63.235	27.324	43.851	308.02	0.17177	7.0457	0.020759	vapor
169.69	200.00	18.699	0.053480	8.3704	9.5535	63.494	27.249	43.511	309.71	0.16939	7.0797	0.020826	vapor
170.69	200.00	18.515	0.054011	8.4020	9.5968	63.748	27.179	43.191	311.37	0.16709	7.1138	0.020895	vapor
171.69	200.00	18.336	0.054537	8.4334	9.6399	64.000	27.113	42.890	313.01	0.16485	7.1479	0.020968	vapor
172.69	200.00	18.162	0.055060	8.4646	9.6826	64.248	27.051	42.606	314.62	0.16266	7.1820	0.021043	vapor
173.69	200.00	17.993	0.055578	8.4956	9.7251	64.493	26.993	42.336	316.22	0.16054	7.2162	0.021121	vapor
174.69	200.00	17.828	0.056093	8.5264	9.7673	64.735	26.938	42.081	317.79	0.15847	7.2505	0.021202	vapor
175.69	200.00	17.667	0.056604	8.5570	9.8092	64.975	26.886	41.839	319.34	0.15645	7.2847	0.021284	vapor
176.69	200.00	17.510	0.057111	8.5875	9.8510	65.212	26.836	41.609	320.87	0.15449	7.3191	0.021369	vapor
177.69	200.00	17.356	0.057616	8.6179	9.8925	65.446	26.789	41.390	322.39	0.15256	7.3534	0.021456	vapor
178.69	200.00	17.207	0.058117	8.6481	9.9338	65.678	26.745	41.181	323.88	0.15069	7.3877	0.021545	vapor
179.69	200.00	17.060	0.058615	8.6781	9.9748	65.907	26.702	40.981	325.36	0.14886	7.4221	0.021637	vapor
180.69	200.00	16.918	0.059110	8.7081	10.016	66.134	26.662	40.791	326.82	0.14707	7.4565	0.021730	vapor
181.69	200.00	16.778	0.059603	8.7379	10.056	66.358	26.624	40.609	328.27	0.14532	7.4909	0.021825	vapor
182.69	200.00	16.641	0.060093	8.7676	10.097	66.581	26.587	40.434	329.70	0.14360	7.5254	0.021922	vapor
183.69	200.00	16.507	0.060580	8.7971	10.137	66.801	26.553	40.268	331.12	0.14193	7.5598	0.022021	vapor
184.69	200.00	16.376	0.061065	8.8266	10.177	67.019	26.520	40.108	332.52	0.14029	7.5942	0.022123	vapor
185.69	200.00	16.248	0.061547	8.8559	10.218	67.235	26.488	39.955	333.91	0.13869	7.6287	0.022227	vapor
186.69	200.00	16.122	0.062027	8.8852	10.257	67.450	26.458	39.808	335.28	0.13711	7.6632	0.022334	vapor
187.69	200.00	15.999	0.062505	8.9144	10.297	67.662	26.430	39.667	336.64	0.13558	7.6976	0.022444	vapor
188.69	200.00	15.878	0.062981	8.9434	10.337	67.872	26.403	39.532	337.99	0.13407	7.7321	0.022560	vapor
189.69	200.00	15.759	0.063455	8.9724	10.376	68.081	26.377	39.402	339.33	0.13259	7.7666	0.022686	vapor
190.69	200.00	15.643	0.063927	9.0013	10.416	68.288	26.353	39.277	340.65	0.13114	7.8010	0.022813	vapor
191.69	200.00	15.529	0.064397	9.0301	10.455	68.493	26.330	39.157	341.96	0.12972	7.8355	0.022845	vapor
192.69	200.00	15.417	0.064865	9.0589	10.494	68.696	26.308	39.042	343.26	0.12833	7.8700	0.022913	vapor
193.69	200.00	15.307	0.065331	9.0876	10.533	68.898	26.287	38.931	344.55	0.12696	7.9044	0.022991	vapor
194.69	200.00	15.198	0.065796	9.1162	10.572	69.098	26.268	38.825	345.83	0.12562	7.9389	0.023075	vapor
195.69	200.00	15.092	0.066259	9.1447	10.610	69.297	26.250	38.722	347.10	0.12430	7.9733	0.023163	vapor
196.69	200.00	14.988	0.066720	9.1732	10.649	69.494	26.232	38.623	348.36	0.12301	8.0078	0.023253	vapor
197.69	200.00	14.885	0.067180	9.2016	10.688	69.690	26.216	38.528	349.61	0.12174	8.0422	0.023345	vapor
198.69	200.00	14.785	0.067638	9.2299	10.726	69.884	26.201	38.436	350.85	0.12049	8.0766	0.023440	vapor
199.69	200.00	14.685	0.068095	9.2582	10.765	70.077	26.186	38.348	352.07	0.11926	8.1110	0.023536	vapor
200.69	200.00	14.588	0.068550	9.2864	10.803	70.268	26.173	38.263	353.29	0.11806	8.1454	0.023633	vapor
201.69	200.00	14.492	0.069004	9.3146	10.841	70.458	26.161	38.182	354.50	0.11688	8.1798	0.023731	vapor
202.69	200.00	14.397	0.069457	9.3427	10.879	70.647	26.149	38.103	355.71	0.11572	8.2141	0.023830	vapor
203.69	200.00	14.304	0.069908	9.3708	10.917	70.834	26.139	38.027	356.90	0.11457	8.2485	0.023930	vapor
204.69	200.00	14.213	0.070358	9.3988	10.955	71.020	26.129	37.954	358.08	0.11345	8.2828	0.024031	vapor
205.69	200.00	14.123	0.070807	9.4268	10.993	71.205	26.120	37.883	359.26	0.11234	8.3171	0.024133	vapor
206.69	200.00	14.034	0.071254	9.4548	11.031	71.388	26.112	37.816	360.43	0.11126	8.3514	0.024235	vapor
207.69	200.00	13.947	0.071701	9.4827	11.069	71.571	26.104	37.750	361.59	0.11019	8.3857	0.024338	vapor
208.69	200.00	13.861	0.072146	9.5106	11.107	71.752	26.098	37.687	362.74	0.10913	8.4200	0.024442	vapor
209.69	200.00	13.776	0.072590	9.5384	11.144	71.932	26.092	37.627	363.88	0.10810	8.4542	0.024546	vapor
210.69	200.00	13.692	0.073033	9.5662	11.182	72.111	26.087	37.568	365.02	0.10708	8.4884	0.024651	vapor
211.69	200.00	13.610	0.073475	9.5940	11.219	72.288	26.082	37.512	366.15	0.10607	8.5226	0.024756	vapor
212.69	200.00	13.529	0.073916	9.6217	11.257	72.465	26.079	37.458	367.27	0.10508	8.5568	0.024862	vapor
213.69	200.00	13.449	0.074356	9.6494	11.294	72.641	26.076	37.406	368.38	0.10411	8.5910	0.024968	vapor
214.69	200.00	13.370	0.074795	9.6770	11.332	72.815	26.074	37.356	369.49	0.10315	8.6251	0.025075	vapor
215.69	200.00	13.292	0.075233	9.7047	11.369	72.989	26.072	37.307	370.59	0.10221	8.6592	0.025182	vapor
216.69	200.00	13.215	0.075670	9.7323	11.406	73.161	26.071	37.261	371.68	0.10128	8.6933	0.025289	vapor
217.69	200.00	13.139	0.076107	9.7599	11.444	73.333	26.071	37.216	372.77	0.10036	8.7274	0.025397	vapor
218.69	200.00	13.065	0.076542	9.7875	11.481	73.503	26.071	37.174	373.85	0.099455	8.7614	0.025505	vapor
219.69	200.00	12.991	0.076976	9.8150	11.518	73.673	26.072	37.133	374.92	0.098564	8.7954	0.025614	vapor
220.69	200.00	12.918	0.077410	9.8425	11.555	73.841	26.074	37.093	375.99	0.097685	8.8294	0.025723	vapor
221.69	200.00	12.846	0.077843	9.8700	11.592	74.009	26.076	37.055	377.05	0.096819	8.8634	0.025833	vapor
222.69	200.00	12.775	0.078275	9.8975	11.629	74.175	26.078	37.019	378.11	0.095965	8.8973	0.025942	vapor
223.69	200.00	12.705	0.078706	9.9250	11.666	74.341	26.082	36.984	379.16	0.095123	8.9312	0.026052	vapor
224.69	200.00	12.636	0.079137	9.9524	11.703	74.506	26.086	36.951	380.20	0.094292	8.9651	0.026163	vapor
225.69	200.00	12.568	0.079566	9.9798	11.740	74.670	26.090	36.919	381.24	0.093473	8.9990	0.026274	vapor
226.69	200.00	12.501	0.079995	10.007	11.777	74.833	26.095	36.888	382.27	0.092664	9.0328	0.026385	vapor
227.69	200.00	12.434	0.080424	10.035	11.814	74.995	26.101	36.859	383.29	0.091867	9.0666	0.026497	vapor
228.69	200.00	12.368	0.080851	10.062	11.851	75.157	26.107	36.831	384.31	0.091079	9.1004	0.026608	vapor
229.69	200.00	12.303	0.081278	10.089	11.887	75.318	26.114	36.805	385.33	0.090302	9.1342	0.026721	vapor
230.69	200.00	12.239	0.081704	10.117	11.924	75.477	26.121	36.779	386.34	0.089535	9.1679	0.026833	vapor
231.69	200.00	12.176	0.082130	10.144	11.961	75.636	26.129	36.755	387.34	0.088778	9.2016	0.026946	vapor
232.69	200.00	12.113	0.082555	10.171	11.998	75.795	26.137	36.732	388.34	0.088031	9.2353	0.027059	vapor
233.69	200.00	12.051	0.082979	10.199	12.034	75.952	26.146	36.711	389.33	0.087293	9.2689	0.027173	vapor
234.69	200.00	11.990	0.083402	10.226	12.071	76.109	26.155	36.690	390.32	0.086564	9.3025	0.027286	vapor
235.69	200.00	11.930	0.083826	10.253	12.108	76.265	26.165	36.671	391.30	0.085844	9.3361	0.027400	vapor
236.69	200.00	11.870	0.084248	10.281	12.145	76.420	26.175	36.653	392.28	0.085133	9.3696	0.027515	vapor
237.69	200.00	11.811	0.084670	10.308	12.181	76.575	26.186	36.635	393.25	0.084431	9.4031	0.027630	vapor
238.69	200.00	11.752	0.085091	10.335	12.218	76.728	26.197	36.619	394.22	0.083737	9.4366	0.027745	vapor
239.69	200.00	11.694	0.085512	10.363	12.254	76.881	26.209	36.604	395.18	0.083052	9.4701	0.027860	vapor
240.69	200.00	11.637	0.085932	10.390	12.291	77.034	26.221	36.590	396.14	0.082375	9.5035	0.027976	vapor
241.69	200.00	11.581	0.086352	10.417	12.328	77.185	26.234	36.577	397.09	0.081706	9.5369	0.028092	vapor
242.69	200.00	11.525	0.086771	10.445	12.364	77.336	26.247	36.565	398.04	0.081044	9.5703	0.028208	vapor
243.69	200.00	11.469	0.087189	10.472	12.401	77.487	26.261	36.554	398.99	0.080391	9.6036	0.028325	vapor
244.69	200.00	11.415	0.087608	10.499	12.437	77.636	26.275	36.544	399.93	0.079744	9.6369	0.028441	vapor
245.69	200.00	11.360	0.088025	10.526	12.474	77.785	26.289	36.535	400.86	0.079106	9.6702	0.028559	vapor
246.69	200.00	11.307	0.088442	10.554	12.510	77.934	26.304	36.526	401.79	0.078474	9.7034	0.028676	vapor
247.69	200.00	11.254	0.088859	10.581	12.547	78.082	26.320	36.519	402.72	0.077850	9.7366	0.028794	vapor
248.69	200.00	11.201	0.089275	10.608	12.583	78.229	26.336	36.512	403.64	0.077233	9.7698	0.028912	vapor
249.69	200.00	11.149	0.089691	10.636	12.620	78.375	26.352	36.507	404.56	0.076622	9.8029	0.029031	vapor
250.69	200.00	11.098	0.090106	10.663	12.656	78.521	26.369	36.502	405.47	0.076018	9.8360	0.029150	vapor
251.69	200.00	11.047	0.090521	10.690	12.693	78.666	26.386	36.498	406.38	0.075421	9.8691	0.029269	vapor
252.69	200.00	10.997	0.090935	10.718	12.729	78.811	26.404	36.495	407.28	0.074831	9.9021	0.029388	vapor
253.69	200.00	10.947	0.091349	10.745	12.766	78.955	26.422	36.492	408.18	0.074247	9.9351	0.029508	vapor
254.69	200.00	10.898	0.091763	10.772	12.802	79.099	26.440	36.491	409.08	0.073669	9.9681	0.029628	vapor
255.69	200.00	10.849	0.092176	10.800	12.839	79.242	26.459	36.490	409.97	0.073097	10.001	0.029748	vapor
256.69	200.00	10.801	0.092588	10.827	12.875	79.384	26.478	36.490	410.86	0.072532	10.034	0.029869	vapor
257.69	200.00	10.753	0.093001	10.854	12.912	79.526	26.498	36.490	411.74	0.071972	10.067	0.029990	vapor
258.69	200.00	10.705	0.093412	10.882	12.948	79.667	26.518	36.492	412.62	0.071418	10.100	0.030111	vapor
259.69	200.00	10.658	0.093824	10.909	12.985	79.808	26.539	36.494	413.50	0.070870	10.132	0.030233	vapor
260.69	200.00	10.612	0.094235	10.937	13.021	79.948	26.560	36.497	414.37	0.070328	10.165	0.030355	vapor
261.69	200.00	10.566	0.094646	10.964	13.058	80.088	26.581	36.501	415.24	0.069791	10.198	0.030477	vapor
262.69	200.00	10.520	0.095056	10.991	13.094	80.227	26.603	36.505	416.10	0.069260	10.231	0.030600	vapor
263.69	200.00	10.475	0.095466	11.019	13.131	80.366	26.625	36.510	416.96	0.068734	10.263	0.030723	vapor
264.69	200.00	10.430	0.095876	11.046	13.167	80.504	26.648	36.516	417.82	0.068214	10.296	0.030846	vapor
265.69	200.00	10.386	0.096285	11.074	13.204	80.642	26.671	36.522	418.68	0.067699	10.329	0.030970	vapor
266.69	200.00	10.342	0.096694	11.101	13.240	80.779	26.694	36.530	419.53	0.067188	10.361	0.031094	vapor
267.69	200.00	10.298	0.097103	11.129	13.277	80.916	26.718	36.537	420.37	0.066683	10.394	0.031218	vapor
268.69	200.00	10.255	0.097511	11.156	13.313	81.052	26.742	36.546	421.22	0.066183	10.426	0.031343	vapor
269.69	200.00	10.213	0.097919	11.184	13.350	81.188	26.767	36.555	422.05	0.065688	10.459	0.031468	vapor
270.69	200.00	10.170	0.098327	11.211	13.387	81.323	26.792	36.564	422.89	0.065198	10.491	0.031593	vapor
271.69	200.00	10.128	0.098734	11.239	13.423	81.458	26.817	36.575	423.72	0.064713	10.524	0.031719	vapor
272.69	200.00	10.087	0.099141	11.266	13.460	81.593	26.843	36.586	424.55	0.064232	10.556	0.031845	vapor
273.69	200.00	10.045	0.099548	11.294	13.496	81.727	26.869	36.597	425.38	0.063756	10.588	0.031971	vapor
274.69	200.00	10.005	0.099954	11.322	13.533	81.860	26.895	36.609	426.20	0.063284	10.620	0.032098	vapor
275.69	200.00	9.9641	0.10036	11.349	13.570	81.993	26.922	36.622	427.02	0.062817	10.653	0.032225	vapor
276.69	200.00	9.9240	0.10077	11.377	13.606	82.126	26.949	36.635	427.83	0.062355	10.685	0.032352	vapor
277.69	200.00	9.8842	0.10117	11.405	13.643	82.258	26.977	36.649	428.65	0.061896	10.717	0.032479	vapor
278.69	200.00	9.8448	0.10158	11.432	13.679	82.390	27.005	36.664	429.46	0.061442	10.749	0.032607	vapor
279.69	200.00	9.8057	0.10198	11.460	13.716	82.521	27.033	36.679	430.26	0.060993	10.781	0.032736	vapor
280.69	200.00	9.7669	0.10239	11.488	13.753	82.652	27.062	36.694	431.07	0.060547	10.814	0.032864	vapor
281.69	200.00	9.7285	0.10279	11.516	13.790	82.782	27.091	36.711	431.86	0.060106	10.846	0.032993	vapor
282.69	200.00	9.6904	0.10319	11.543	13.826	82.913	27.120	36.727	432.66	0.059669	10.878	0.033123	vapor
283.69	200.00	9.6526	0.10360	11.571	13.863	83.042	27.150	36.745	433.46	0.059235	10.910	0.033253	vapor
284.69	200.00	9.6152	0.10400	11.599	13.900	83.172	27.180	36.762	434.25	0.058806	10.942	0.033383	vapor
285.69	200.00	9.5780	0.10441	11.627	13.936	83.301	27.210	36.781	435.03	0.058381	10.973	0.033513	vapor
286.69	200.00	9.5412	0.10481	11.655	13.973	83.429	27.241	36.799	435.82	0.057959	11.005	0.033644	vapor
287.69	200.00	9.5047	0.10521	11.683	14.010	83.557	27.272	36.819	436.60	0.057542	11.037	0.033775	vapor
288.69	200.00	9.4685	0.10561	11.711	14.047	83.685	27.304	36.839	437.38	0.057128	11.069	0.033906	vapor
289.69	200.00	9.4325	0.10602	11.738	14.084	83.812	27.335	36.859	438.15	0.056717	11.101	0.034038	vapor
290.69	200.00	9.3969	0.10642	11.766	14.121	83.940	27.367	36.880	438.93	0.056311	11.132	0.034170	vapor
291.69	200.00	9.3615	0.10682	11.794	14.158	84.066	27.400	36.901	439.70	0.055908	11.164	0.034303	vapor
292.69	200.00	9.3265	0.10722	11.822	14.194	84.193	27.433	36.923	440.46	0.055509	11.196	0.034436	vapor
293.69	200.00	9.2917	0.10762	11.851	14.231	84.319	27.466	36.945	441.23	0.055113	11.227	0.034569	vapor
294.69	200.00	9.2572	0.10802	11.879	14.268	84.444	27.499	36.968	441.99	0.054721	11.259	0.034702	vapor
295.69	200.00	9.2229	0.10843	11.907	14.305	84.569	27.533	36.991	442.75	0.054332	11.291	0.034836	vapor
296.69	200.00	9.1890	0.10883	11.935	14.342	84.694	27.567	37.015	443.50	0.053946	11.322	0.034971	vapor
297.69	200.00	9.1553	0.10923	11.963	14.379	84.819	27.601	37.039	444.26	0.053564	11.354	0.035105	vapor
298.69	200.00	9.1219	0.10963	11.991	14.416	84.943	27.636	37.064	445.01	0.053185	11.385	0.035240	vapor
299.69	200.00	9.0887	0.11003	12.019	14.453	85.067	27.671	37.089	445.76	0.052810	11.416	0.035376	vapor
300.69	200.00	9.0558	0.11043	12.048	14.491	85.191	27.706	37.114	446.50	0.052438	11.448	0.035511	vapor
301.69	200.00	9.0231	0.11083	12.076	14.528	85.314	27.742	37.140	447.24	0.052069	11.479	0.035647	vapor
302.69	200.00	8.9907	0.11123	12.104	14.565	85.437	27.778	37.167	447.98	0.051703	11.511	0.035784	vapor
303.69	200.00	8.9586	0.11162	12.133	14.602	85.560	27.814	37.194	448.72	0.051340	11.542	0.035921	vapor
304.69	200.00	8.9267	0.11202	12.161	14.639	85.682	27.851	37.221	449.46	0.050980	11.573	0.036058	vapor
305.69	200.00	8.8950	0.11242	12.189	14.676	85.804	27.887	37.249	450.19	0.050624	11.604	0.036195	vapor
306.69	200.00	8.8636	0.11282	12.218	14.714	85.926	27.925	37.277	450.92	0.050270	11.635	0.036333	vapor
307.69	200.00	8.8324	0.11322	12.246	14.751	86.047	27.962	37.305	451.65	0.049920	11.667	0.036471	vapor
308.69	200.00	8.8014	0.11362	12.275	14.788	86.168	28.000	37.334	452.37	0.049572	11.698	0.036610	vapor
309.69	200.00	8.7707	0.11402	12.303	14.826	86.289	28.038	37.364	453.10	0.049227	11.729	0.036749	vapor
310.69	200.00	8.7402	0.11441	12.332	14.863	86.409	28.076	37.393	453.82	0.048885	11.760	0.036888	vapor
311.69	200.00	8.7099	0.11481	12.361	14.900	86.530	28.115	37.423	454.53	0.048546	11.791	0.037028	vapor
312.69	200.00	8.6798	0.11521	12.389	14.938	86.649	28.153	37.454	455.25	0.048210	11.822	0.037168	vapor
313.69	200.00	8.6500	0.11561	12.418	14.975	86.769	28.193	37.485	455.96	0.047877	11.853	0.037308	vapor
314.69	200.00	8.6204	0.11600	12.447	15.013	86.888	28.232	37.516	456.67	0.047546	11.884	0.037449	vapor
315.69	200.00	8.5910	0.11640	12.475	15.050	87.008	28.272	37.548	457.38	0.047218	11.914	0.037590	vapor
316.69	200.00	8.5618	0.11680	12.504	15.088	87.126	28.312	37.580	458.09	0.046893	11.945	0.037732	vapor
317.69	200.00	8.5328	0.11719	12.533	15.126	87.245	28.352	37.612	458.79	0.046571	11.976	0.037873	vapor
318.69	200.00	8.5041	0.11759	12.562	15.163	87.363	28.392	37.645	459.49	0.046251	12.007	0.038016	vapor
319.69	200.00	8.4755	0.11799	12.591	15.201	87.481	28.433	37.678	460.19	0.045934	12.038	0.038158	vapor
320.69	200.00	8.4471	0.11838	12.620	15.239	87.599	28.474	37.712	460.89	0.045619	12.068	0.038301	vapor
321.69	200.00	8.4190	0.11878	12.649	15.276	87.716	28.516	37.746	461.59	0.045307	12.099	0.038444	vapor
322.69	200.00	8.3910	0.11918	12.678	15.314	87.834	28.557	37.780	462.28	0.044998	12.130	0.038588	vapor
323.69	200.00	8.3632	0.11957	12.707	15.352	87.950	28.599	37.814	462.97	0.044691	12.160	0.038732	vapor
324.69	200.00	8.3357	0.11997	12.736	15.390	88.067	28.641	37.849	463.66	0.044386	12.191	0.038876	vapor
325.69	200.00	8.3083	0.12036	12.765	15.428	88.184	28.683	37.885	464.35	0.044084	12.221	0.039021	vapor
326.69	200.00	8.2811	0.12076	12.794	15.465	88.300	28.726	37.920	465.03	0.043784	12.252	0.039166	vapor
327.69	200.00	8.2541	0.12115	12.823	15.503	88.416	28.769	37.956	465.71	0.043487	12.282	0.039312	vapor
328.69	200.00	8.2273	0.12155	12.852	15.541	88.531	28.812	37.992	466.39	0.043192	12.313	0.039457	vapor
329.69	200.00	8.2006	0.12194	12.882	15.579	88.647	28.855	38.029	467.07	0.042900	12.343	0.039604	vapor
330.69	200.00	8.1742	0.12234	12.911	15.617	88.762	28.899	38.066	467.75	0.042610	12.373	0.039750	vapor
331.69	200.00	8.1479	0.12273	12.940	15.656	88.877	28.943	38.103	468.42	0.042322	12.404	0.039897	vapor
332.69	200.00	8.1218	0.12313	12.970	15.694	88.992	28.987	38.140	469.10	0.042036	12.434	0.040044	vapor
333.69	200.00	8.0959	0.12352	12.999	15.732	89.106	29.031	38.178	469.77	0.041753	12.464	0.040192	vapor
334.69	200.00	8.0701	0.12391	13.029	15.770	89.221	29.075	38.216	470.44	0.041472	12.494	0.040340	vapor
335.69	200.00	8.0446	0.12431	13.058	15.808	89.335	29.120	38.255	471.10	0.041193	12.524	0.040488	vapor
336.69	200.00	8.0191	0.12470	13.088	15.847	89.449	29.165	38.294	471.77	0.040916	12.555	0.040637	vapor
337.69	200.00	7.9939	0.12510	13.117	15.885	89.562	29.210	38.333	472.43	0.040642	12.585	0.040786	vapor
338.69	200.00	7.9688	0.12549	13.147	15.923	89.676	29.256	38.372	473.09	0.040370	12.615	0.040935	vapor
339.69	200.00	7.9439	0.12588	13.177	15.962	89.789	29.301	38.412	473.75	0.040100	12.645	0.041085	vapor
340.69	200.00	7.9192	0.12628	13.206	16.000	89.902	29.347	38.451	474.41	0.039832	12.675	0.041235	vapor
341.69	200.00	7.8946	0.12667	13.236	16.038	90.015	29.393	38.492	475.06	0.039566	12.705	0.041385	vapor
342.69	200.00	7.8702	0.12706	13.266	16.077	90.127	29.440	38.532	475.72	0.039302	12.735	0.041536	vapor
343.69	200.00	7.8459	0.12745	13.296	16.116	90.239	29.486	38.573	476.37	0.039040	12.765	0.041687	vapor
344.69	200.00	7.8218	0.12785	13.326	16.154	90.352	29.533	38.614	477.02	0.038780	12.795	0.041839	vapor
345.69	200.00	7.7979	0.12824	13.356	16.193	90.463	29.580	38.655	477.67	0.038522	12.824	0.041991	vapor
346.69	200.00	7.7741	0.12863	13.386	16.231	90.575	29.627	38.697	478.32	0.038267	12.854	0.042143	vapor
347.69	200.00	7.7504	0.12902	13.416	16.270	90.687	29.674	38.739	478.96	0.038013	12.884	0.042295	vapor
348.69	200.00	7.7269	0.12942	13.446	16.309	90.798	29.722	38.781	479.60	0.037761	12.914	0.042448	vapor
349.69	200.00	7.7036	0.12981	13.476	16.348	90.909	29.770	38.823	480.25	0.037511	12.943	0.042602	vapor
350.69	200.00	7.6804	0.13020	13.506	16.387	91.020	29.818	38.866	480.89	0.037263	12.973	0.042755	vapor
351.69	200.00	7.6574	0.13059	13.536	16.425	91.131	29.866	38.909	481.52	0.037017	13.003	0.042909	vapor
352.69	200.00	7.6344	0.13099	13.567	16.464	91.241	29.914	38.952	482.16	0.036773	13.032	0.043063	vapor
353.69	200.00	7.6117	0.13138	13.597	16.503	91.352	29.963	38.995	482.80	0.036531	13.062	0.043218	vapor
354.69	200.00	7.5891	0.13177	13.627	16.542	91.462	30.011	39.039	483.43	0.036291	13.092	0.043373	vapor
355.69	200.00	7.5666	0.13216	13.658	16.581	91.572	30.060	39.083	484.06	0.036052	13.121	0.043528	vapor
356.69	200.00	7.5442	0.13255	13.688	16.621	91.682	30.109	39.127	484.69	0.035815	13.151	0.043684	vapor
357.69	200.00	7.5220	0.13294	13.719	16.660	91.791	30.158	39.171	485.32	0.035580	13.180	0.043840	vapor
358.69	200.00	7.5000	0.13333	13.749	16.699	91.901	30.208	39.216	485.95	0.035347	13.209	0.043996	vapor
359.69	200.00	7.4780	0.13373	13.780	16.738	92.010	30.258	39.260	486.57	0.035116	13.239	0.044153	vapor
360.69	200.00	7.4562	0.13412	13.810	16.777	92.119	30.307	39.305	487.20	0.034886	13.268	0.044310	vapor
361.69	200.00	7.4346	0.13451	13.841	16.817	92.228	30.357	39.351	487.82	0.034658	13.297	0.044468	vapor
362.69	200.00	7.4130	0.13490	13.872	16.856	92.337	30.408	39.396	488.44	0.034432	13.327	0.044625	vapor
363.69	200.00	7.3916	0.13529	13.903	16.896	92.445	30.458	39.442	489.06	0.034208	13.356	0.044783	vapor
364.69	200.00	7.3703	0.13568	13.933	16.935	92.553	30.508	39.488	489.68	0.033985	13.385	0.044942	vapor
365.69	200.00	7.3492	0.13607	13.964	16.974	92.662	30.559	39.534	490.29	0.033764	13.414	0.045101	vapor
366.69	200.00	7.3282	0.13646	13.995	17.014	92.770	30.610	39.580	490.91	0.033544	13.444	0.045260	vapor
367.69	200.00	7.3073	0.13685	14.026	17.054	92.877	30.661	39.627	491.52	0.033327	13.473	0.045419	vapor
368.69	200.00	7.2865	0.13724	14.057	17.093	92.985	30.712	39.673	492.14	0.033110	13.502	0.045579	vapor
369.69	200.00	7.2658	0.13763	14.088	17.133	93.093	30.763	39.720	492.75	0.032896	13.531	0.045739	vapor
370.69	200.00	7.2453	0.13802	14.119	17.173	93.200	30.815	39.767	493.36	0.032683	13.560	0.045899	vapor
371.69	200.00	7.2249	0.13841	14.151	17.213	93.307	30.866	39.815	493.96	0.032472	13.589	0.046060	vapor
372.69	200.00	7.2046	0.13880	14.182	17.252	93.414	30.918	39.862	494.57	0.032262	13.618	0.046221	vapor
373.69	200.00	7.1844	0.13919	14.213	17.292	93.521	30.970	39.910	495.17	0.032054	13.647	0.046383	vapor
374.69	200.00	7.1644	0.13958	14.244	17.332	93.628	31.022	39.958	495.78	0.031847	13.676	0.046544	vapor
375.69	200.00	7.1444	0.13997	14.276	17.372	93.734	31.074	40.006	496.38	0.031642	13.704	0.046706	vapor
376.69	200.00	7.1246	0.14036	14.307	17.412	93.841	31.127	40.055	496.98	0.031438	13.733	0.046869	vapor
377.69	200.00	7.1049	0.14075	14.339	17.452	93.947	31.179	40.103	497.58	0.031236	13.762	0.047032	vapor
378.69	200.00	7.0853	0.14114	14.370	17.492	94.053	31.232	40.152	498.18	0.031036	13.791	0.047195	vapor
379.69	200.00	7.0658	0.14153	14.402	17.533	94.159	31.285	40.201	498.78	0.030837	13.820	0.047358	vapor
380.69	200.00	7.0465	0.14192	14.433	17.573	94.265	31.338	40.250	499.37	0.030639	13.848	0.047522	vapor
381.69	200.00	7.0272	0.14230	14.465	17.613	94.371	31.391	40.299	499.97	0.030443	13.877	0.047686	vapor
382.69	200.00	7.0080	0.14269	14.497	17.653	94.476	31.444	40.348	500.56	0.030248	13.906	0.047850	vapor
383.69	200.00	6.9890	0.14308	14.528	17.694	94.581	31.497	40.398	501.15	0.030055	13.934	0.048015	vapor
384.69	200.00	6.9701	0.14347	14.560	17.734	94.687	31.551	40.447	501.74	0.029863	13.963	0.048180	vapor
385.69	200.00	6.9512	0.14386	14.592	17.775	94.792	31.605	40.497	502.33	0.029672	13.991	0.048345	vapor
386.69	200.00	6.9325	0.14425	14.624	17.815	94.897	31.658	40.547	502.92	0.029483	14.020	0.048511	vapor
387.69	200.00	6.9139	0.14464	14.656	17.856	95.001	31.712	40.598	503.51	0.029296	14.049	0.048677	vapor
388.69	200.00	6.8954	0.14502	14.688	17.896	95.106	31.766	40.648	504.09	0.029109	14.077	0.048843	vapor
389.69	200.00	6.8770	0.14541	14.720	17.937	95.211	31.820	40.699	504.68	0.028924	14.105	0.049009	vapor
390.69	200.00	6.8586	0.14580	14.752	17.978	95.315	31.875	40.749	505.26	0.028741	14.134	0.049176	vapor
391.69	200.00	6.8404	0.14619	14.785	18.019	95.419	31.929	40.800	505.84	0.028558	14.162	0.049343	vapor
392.69	200.00	6.8223	0.14658	14.817	18.059	95.523	31.983	40.851	506.43	0.028377	14.191	0.049511	vapor
393.69	200.00	6.8043	0.14697	14.849	18.100	95.627	32.038	40.902	507.01	0.028198	14.219	0.049679	vapor
394.69	200.00	6.7864	0.14735	14.881	18.141	95.731	32.093	40.954	507.58	0.028019	14.247	0.049847	vapor
395.69	200.00	6.7686	0.14774	14.914	18.182	95.835	32.147	41.005	508.16	0.027842	14.275	0.050015	vapor
396.69	200.00	6.7508	0.14813	14.946	18.223	95.938	32.202	41.057	508.74	0.027667	14.304	0.050184	vapor
397.69	200.00	6.7332	0.14852	14.979	18.264	96.042	32.257	41.108	509.31	0.027492	14.332	0.050353	vapor
398.69	200.00	6.7157	0.14891	15.011	18.305	96.145	32.313	41.160	509.89	0.027319	14.360	0.050522	vapor
399.69	200.00	6.6983	0.14929	15.044	18.347	96.248	32.368	41.212	510.46	0.027147	14.388	0.050692	vapor
400.69	200.00	6.6809	0.14968	15.077	18.388	96.351	32.423	41.264	511.03	0.026976	14.416	0.050862	vapor
401.69	200.00	6.6637	0.15007	15.109	18.429	96.454	32.479	41.317	511.60	0.026806	14.444	0.051032	vapor
402.69	200.00	6.6465	0.15046	15.142	18.470	96.557	32.534	41.369	512.17	0.026638	14.472	0.051202	vapor
403.69	200.00	6.6294	0.15084	15.175	18.512	96.660	32.590	41.422	512.74	0.026471	14.500	0.051373	vapor
404.69	200.00	6.6125	0.15123	15.208	18.553	96.762	32.646	41.474	513.31	0.026305	14.528	0.051544	vapor
405.69	200.00	6.5956	0.15162	15.241	18.595	96.865	32.702	41.527	513.88	0.026140	14.556	0.051716	vapor
406.69	200.00	6.5788	0.15200	15.274	18.636	96.967	32.758	41.580	514.44	0.025977	14.584	0.051888	vapor
407.69	200.00	6.5621	0.15239	15.307	18.678	97.069	32.814	41.633	515.01	0.025814	14.612	0.052060	vapor
408.69	200.00	6.5454	0.15278	15.340	18.720	97.171	32.870	41.686	515.57	0.025653	14.640	0.052232	vapor
409.69	200.00	6.5289	0.15317	15.373	18.761	97.273	32.926	41.739	516.13	0.025493	14.668	0.052404	vapor
410.69	200.00	6.5125	0.15355	15.406	18.803	97.375	32.983	41.793	516.69	0.025334	14.696	0.052577	vapor
411.69	200.00	6.4961	0.15394	15.439	18.845	97.477	33.039	41.846	517.26	0.025176	14.723	0.052750	vapor
412.69	200.00	6.4798	0.15433	15.473	18.887	97.578	33.096	41.900	517.81	0.025020	14.751	0.052924	vapor
413.69	200.00	6.4636	0.15471	15.506	18.929	97.680	33.152	41.954	518.37	0.024864	14.779	0.053098	vapor
414.69	200.00	6.4475	0.15510	15.540	18.971	97.781	33.209	42.007	518.93	0.024709	14.807	0.053272	vapor
415.69	200.00	6.4315	0.15549	15.573	19.013	97.882	33.266	42.061	519.49	0.024556	14.834	0.053446	vapor
416.69	200.00	6.4155	0.15587	15.607	19.055	97.983	33.323	42.116	520.04	0.024404	14.862	0.053621	vapor
417.69	200.00	6.3997	0.15626	15.640	19.097	98.084	33.379	42.170	520.60	0.024252	14.889	0.053795	vapor
418.69	200.00	6.3839	0.15664	15.674	19.139	98.185	33.437	42.224	521.15	0.024102	14.917	0.053971	vapor
419.69	200.00	6.3682	0.15703	15.708	19.181	98.286	33.494	42.278	521.70	0.023953	14.945	0.054146	vapor
420.69	200.00	6.3526	0.15742	15.741	19.224	98.387	33.551	42.333	522.26	0.023805	14.972	0.054322	vapor
421.69	200.00	6.3370	0.15780	15.775	19.266	98.487	33.608	42.387	522.81	0.023658	15.000	0.054498	vapor
422.69	200.00	6.3215	0.15819	15.809	19.309	98.588	33.665	42.442	523.36	0.023512	15.027	0.054674	vapor
423.69	200.00	6.3061	0.15858	15.843	19.351	98.688	33.723	42.497	523.90	0.023367	15.055	0.054850	vapor
424.69	200.00	6.2908	0.15896	15.877	19.394	98.788	33.780	42.552	524.45	0.023223	15.082	0.055027	vapor
425.69	200.00	6.2756	0.15935	15.911	19.436	98.889	33.838	42.607	525.00	0.023080	15.109	0.055204	vapor
426.69	200.00	6.2604	0.15973	15.945	19.479	98.989	33.896	42.662	525.55	0.022938	15.137	0.055382	vapor
427.69	200.00	6.2453	0.16012	15.979	19.521	99.089	33.953	42.717	526.09	0.022797	15.164	0.055559	vapor
428.69	200.00	6.2303	0.16050	16.013	19.564	99.188	34.011	42.772	526.64	0.022657	15.191	0.055737	vapor
429.69	200.00	6.2154	0.16089	16.048	19.607	99.288	34.069	42.827	527.18	0.022518	15.219	0.055915	vapor
430.69	200.00	6.2005	0.16128	16.082	19.650	99.388	34.127	42.883	527.72	0.022380	15.246	0.056094	vapor
431.69	200.00	6.1857	0.16166	16.116	19.693	99.487	34.185	42.938	528.26	0.022242	15.273	0.056273	vapor
432.69	200.00	6.1710	0.16205	16.151	19.736	99.587	34.243	42.994	528.80	0.022106	15.300	0.056451	vapor
433.69	200.00	6.1564	0.16243	16.185	19.779	99.686	34.301	43.050	529.34	0.021971	15.327	0.056631	vapor
434.69	200.00	6.1418	0.16282	16.220	19.822	99.785	34.359	43.105	529.88	0.021837	15.354	0.056810	vapor
435.69	200.00	6.1273	0.16320	16.254	19.865	99.884	34.417	43.161	530.42	0.021703	15.382	0.056990	vapor
436.69	200.00	6.1129	0.16359	16.289	19.908	99.983	34.475	43.217	530.96	0.021571	15.409	0.057170	vapor
437.69	200.00	6.0985	0.16397	16.324	19.951	100.08	34.534	43.273	531.50	0.021439	15.436	0.057350	vapor
438.69	200.00	6.0842	0.16436	16.359	19.995	100.18	34.592	43.329	532.03	0.021308	15.463	0.057531	vapor
439.69	200.00	6.0700	0.16475	16.393	20.038	100.28	34.651	43.385	532.57	0.021179	15.490	0.057712	vapor
440.69	200.00	6.0558	0.16513	16.428	20.081	100.38	34.709	43.441	533.10	0.021050	15.517	0.057893	vapor
441.69	200.00	6.0417	0.16552	16.463	20.125	100.48	34.768	43.498	533.64	0.020922	15.544	0.058074	vapor
442.69	200.00	6.0277	0.16590	16.498	20.168	100.58	34.826	43.554	534.17	0.020795	15.570	0.058255	vapor
443.69	200.00	6.0138	0.16629	16.533	20.212	100.67	34.885	43.610	534.70	0.020668	15.597	0.058437	vapor
444.69	200.00	5.9999	0.16667	16.569	20.256	100.77	34.944	43.667	535.23	0.020543	15.624	0.058619	vapor
445.69	200.00	5.9860	0.16706	16.604	20.299	100.87	35.002	43.723	535.76	0.020418	15.651	0.058802	vapor
446.69	200.00	5.9723	0.16744	16.639	20.343	100.97	35.061	43.780	536.29	0.020295	15.678	0.058984	vapor
447.69	200.00	5.9586	0.16782	16.674	20.387	101.07	35.120	43.837	536.82	0.020172	15.705	0.059167	vapor
448.69	200.00	5.9450	0.16821	16.710	20.431	101.16	35.179	43.893	537.35	0.020050	15.731	0.059350	vapor
449.69	200.00	5.9314	0.16859	16.745	20.475	101.26	35.238	43.950	537.87	0.019928	15.758	0.059533	vapor
450.69	200.00	5.9179	0.16898	16.780	20.519	101.36	35.297	44.007	538.40	0.019808	15.785	0.059717	vapor
451.69	200.00	5.9045	0.16936	16.816	20.563	101.46	35.356	44.064	538.93	0.019688	15.811	0.059900	vapor
452.69	200.00	5.8911	0.16975	16.852	20.607	101.55	35.415	44.121	539.45	0.019570	15.838	0.060084	vapor
453.69	200.00	5.8778	0.17013	16.887	20.651	101.65	35.474	44.178	539.98	0.019452	15.865	0.060269	vapor
454.69	200.00	5.8645	0.17052	16.923	20.695	101.75	35.533	44.235	540.50	0.019335	15.891	0.060453	vapor
455.69	200.00	5.8513	0.17090	16.959	20.739	101.85	35.592	44.292	541.02	0.019218	15.918	0.060638	vapor
456.69	200.00	5.8382	0.17129	16.994	20.784	101.94	35.651	44.349	541.54	0.019102	15.944	0.060823	vapor
457.69	200.00	5.8251	0.17167	17.030	20.828	102.04	35.711	44.407	542.06	0.018988	15.971	0.061008	vapor
458.69	200.00	5.8121	0.17205	17.066	20.873	102.14	35.770	44.464	542.59	0.018873	15.997	0.061194	vapor
459.69	200.00	5.7992	0.17244	17.102	20.917	102.23	35.829	44.521	543.10	0.018760	16.024	0.061379	vapor
460.69	200.00	5.7863	0.17282	17.138	20.962	102.33	35.889	44.579	543.62	0.018648	16.050	0.061565	vapor
461.69	200.00	5.7734	0.17321	17.174	21.006	102.43	35.948	44.636	544.14	0.018536	16.077	0.061751	vapor
462.69	200.00	5.7606	0.17359	17.211	21.051	102.52	36.007	44.694	544.66	0.018425	16.103	0.061938	vapor
463.69	200.00	5.7479	0.17398	17.247	21.096	102.62	36.067	44.751	545.18	0.018314	16.129	0.062124	vapor
464.69	200.00	5.7353	0.17436	17.283	21.140	102.72	36.126	44.809	545.69	0.018205	16.156	0.062311	vapor
465.69	200.00	5.7227	0.17474	17.319	21.185	102.81	36.186	44.866	546.21	0.018096	16.182	0.062498	vapor
466.69	200.00	5.7101	0.17513	17.356	21.230	102.91	36.245	44.924	546.72	0.017988	16.208	0.062685	vapor
467.69	200.00	5.6976	0.17551	17.392	21.275	103.01	36.305	44.982	547.24	0.017880	16.235	0.062873	vapor
468.69	200.00	5.6852	0.17590	17.429	21.320	103.10	36.365	45.040	547.75	0.017773	16.261	0.063061	vapor
469.69	200.00	5.6728	0.17628	17.465	21.365	103.20	36.424	45.097	548.26	0.017667	16.287	0.063249	vapor
470.69	200.00	5.6605	0.17666	17.502	21.410	103.29	36.484	45.155	548.78	0.017562	16.313	0.063437	vapor
471.69	200.00	5.6482	0.17705	17.539	21.455	103.39	36.544	45.213	549.29	0.017457	16.339	0.063625	vapor
472.69	200.00	5.6360	0.17743	17.576	21.501	103.49	36.603	45.271	549.80	0.017353	16.366	0.063814	vapor
473.69	200.00	5.6238	0.17781	17.612	21.546	103.58	36.663	45.329	550.31	0.017250	16.392	0.064003	vapor
474.69	200.00	5.6117	0.17820	17.649	21.591	103.68	36.723	45.387	550.82	0.017147	16.418	0.064192	vapor
475.69	200.00	5.5997	0.17858	17.686	21.637	103.77	36.782	45.445	551.33	0.017046	16.444	0.064381	vapor
476.69	200.00	5.5877	0.17897	17.723	21.682	103.87	36.842	45.503	551.83	0.016944	16.470	0.064571	vapor
477.69	200.00	5.5757	0.17935	17.760	21.728	103.96	36.902	45.561	552.34	0.016844	16.496	0.064760	vapor
478.69	200.00	5.5638	0.17973	17.797	21.773	104.06	36.962	45.619	552.85	0.016744	16.522	0.064950	vapor
479.69	200.00	5.5520	0.18012	17.834	21.819	104.16	37.022	45.677	553.36	0.016644	16.548	0.065140	vapor
480.69	200.00	5.5402	0.18050	17.872	21.865	104.25	37.082	45.736	553.86	0.016546	16.574	0.065331	vapor
481.69	200.00	5.5285	0.18088	17.909	21.910	104.35	37.142	45.794	554.37	0.016448	16.600	0.065521	vapor
482.69	200.00	5.5168	0.18127	17.946	21.956	104.44	37.201	45.852	554.87	0.016350	16.625	0.065712	vapor
483.69	200.00	5.5051	0.18165	17.984	22.002	104.54	37.261	45.910	555.37	0.016253	16.651	0.065903	vapor
484.69	200.00	5.4935	0.18203	18.021	22.048	104.63	37.321	45.969	555.88	0.016157	16.677	0.066094	vapor
485.69	200.00	5.4820	0.18242	18.059	22.094	104.73	37.381	46.027	556.38	0.016062	16.703	0.066286	vapor
486.69	200.00	5.4705	0.18280	18.096	22.140	104.82	37.441	46.085	556.88	0.015967	16.729	0.066477	vapor
487.69	200.00	5.4591	0.18318	18.134	22.186	104.91	37.501	46.144	557.38	0.015873	16.754	0.066669	vapor
488.69	200.00	5.4477	0.18357	18.172	22.232	105.01	37.561	46.202	557.88	0.015779	16.780	0.066861	vapor
489.69	200.00	5.4363	0.18395	18.209	22.279	105.10	37.621	46.261	558.38	0.015686	16.806	0.067054	vapor
490.69	200.00	5.4250	0.18433	18.247	22.325	105.20	37.681	46.319	558.88	0.015593	16.832	0.067246	vapor
491.69	200.00	5.4138	0.18471	18.285	22.371	105.29	37.741	46.378	559.38	0.015501	16.857	0.067439	vapor
492.69	200.00	5.4026	0.18510	18.323	22.418	105.39	37.801	46.436	559.88	0.015410	16.883	0.067632	vapor
493.69	200.00	5.3914	0.18548	18.361	22.464	105.48	37.861	46.495	560.38	0.015319	16.908	0.067825	vapor
494.69	200.00	5.3803	0.18586	18.399	22.511	105.57	37.921	46.553	560.88	0.015229	16.934	0.068018	vapor
495.69	200.00	5.3692	0.18625	18.437	22.557	105.67	37.982	46.612	561.37	0.015140	16.960	0.068211	vapor
496.69	200.00	5.3582	0.18663	18.475	22.604	105.76	38.042	46.670	561.87	0.015051	16.985	0.068405	vapor
497.69	200.00	5.3473	0.18701	18.514	22.651	105.86	38.102	46.729	562.36	0.014962	17.011	0.068599	vapor
498.69	200.00	5.3363	0.18739	18.552	22.697	105.95	38.162	46.787	562.86	0.014874	17.036	0.068793	vapor
499.69	200.00	5.3255	0.18778	18.590	22.744	106.04	38.222	46.846	563.35	0.014787	17.062	0.068987	vapor
500.69	200.00	5.3146	0.18816	18.629	22.791	106.14	38.282	46.905	563.85	0.014700	17.087	0.069181	vapor
501.69	200.00	5.3038	0.18854	18.667	22.838	106.23	38.342	46.963	564.34	0.014614	17.113	0.069376	vapor
502.69	200.00	5.2931	0.18893	18.706	22.885	106.33	38.402	47.022	564.83	0.014528	17.138	0.069571	vapor
503.69	200.00	5.2824	0.18931	18.744	22.932	106.42	38.462	47.081	565.32	0.014443	17.163	0.069766	vapor
504.69	200.00	5.2717	0.18969	18.783	22.979	106.51	38.522	47.139	565.82	0.014358	17.189	0.069961	vapor
505.69	200.00	5.2611	0.19007	18.822	23.026	106.61	38.583	47.198	566.31	0.014274	17.214	0.070156	vapor
506.69	200.00	5.2506	0.19046	18.860	23.074	106.70	38.643	47.257	566.80	0.014191	17.239	0.070352	vapor
507.69	200.00	5.2400	0.19084	18.899	23.121	106.79	38.703	47.316	567.29	0.014108	17.265	0.070548	vapor
508.69	200.00	5.2296	0.19122	18.938	23.168	106.89	38.763	47.374	567.78	0.014025	17.290	0.070744	vapor
509.69	200.00	5.2191	0.19160	18.977	23.216	106.98	38.823	47.433	568.26	0.013943	17.315	0.070940	vapor
510.69	200.00	5.2087	0.19199	19.016	23.263	107.07	38.883	47.492	568.75	0.013862	17.340	0.071136	vapor
511.69	200.00	5.1984	0.19237	19.055	23.311	107.16	38.943	47.551	569.24	0.013781	17.365	0.071333	vapor
512.69	200.00	5.1881	0.19275	19.094	23.358	107.26	39.003	47.610	569.73	0.013700	17.391	0.071529	vapor
513.69	200.00	5.1778	0.19313	19.133	23.406	107.35	39.064	47.668	570.21	0.013620	17.416	0.071726	vapor
514.69	200.00	5.1676	0.19352	19.173	23.454	107.44	39.124	47.727	570.70	0.013541	17.441	0.071923	vapor
515.69	200.00	5.1574	0.19390	19.212	23.501	107.54	39.184	47.786	571.19	0.013462	17.466	0.072121	vapor
516.69	200.00	5.1472	0.19428	19.251	23.549	107.63	39.244	47.845	571.67	0.013383	17.491	0.072318	vapor
517.69	200.00	5.1371	0.19466	19.291	23.597	107.72	39.304	47.904	572.16	0.013305	17.516	0.072516	vapor
518.69	200.00	5.1270	0.19504	19.330	23.645	107.81	39.364	47.962	572.64	0.013228	17.541	0.072713	vapor
519.69	200.00	5.1170	0.19543	19.370	23.693	107.91	39.424	48.021	573.12	0.013151	17.566	0.072911	vapor
520.69	200.00	5.1070	0.19581	19.409	23.741	108.00	39.484	48.080	573.61	0.013074	17.591	0.073109	vapor
521.69	200.00	5.0971	0.19619	19.449	23.789	108.09	39.545	48.139	574.09	0.012998	17.616	0.073308	vapor
522.69	200.00	5.0872	0.19657	19.489	23.837	108.18	39.605	48.198	574.57	0.012922	17.641	0.073506	vapor
523.69	200.00	5.0773	0.19695	19.528	23.885	108.27	39.665	48.257	575.05	0.012847	17.666	0.073705	vapor
524.69	200.00	5.0675	0.19734	19.568	23.934	108.37	39.725	48.315	575.53	0.012772	17.691	0.073904	vapor
525.69	200.00	5.0577	0.19772	19.608	23.982	108.46	39.785	48.374	576.01	0.012698	17.716	0.074103	vapor
526.69	200.00	5.0479	0.19810	19.648	24.030	108.55	39.845	48.433	576.49	0.012624	17.741	0.074302	vapor
527.69	200.00	5.0382	0.19848	19.688	24.079	108.64	39.905	48.492	576.97	0.012551	17.765	0.074501	vapor
528.69	200.00	5.0286	0.19886	19.728	24.127	108.73	39.965	48.551	577.45	0.012478	17.790	0.074701	vapor
529.69	200.00	5.0189	0.19925	19.768	24.176	108.83	40.025	48.610	577.93	0.012406	17.815	0.074900	vapor
530.69	200.00	5.0093	0.19963	19.808	24.225	108.92	40.085	48.669	578.41	0.012333	17.840	0.075100	vapor
531.69	200.00	4.9998	0.20001	19.849	24.273	109.01	40.145	48.727	578.89	0.012262	17.865	0.075300	vapor
532.69	200.00	4.9902	0.20039	19.889	24.322	109.10	40.205	48.786	579.36	0.012191	17.889	0.075500	vapor
533.69	200.00	4.9807	0.20077	19.929	24.371	109.19	40.265	48.845	579.84	0.012120	17.914	0.075701	vapor
534.69	200.00	4.9713	0.20116	19.970	24.420	109.28	40.325	48.904	580.32	0.012050	17.939	0.075901	vapor
535.69	200.00	4.9619	0.20154	20.010	24.469	109.38	40.385	48.963	580.79	0.011980	17.963	0.076102	vapor
536.69	200.00	4.9525	0.20192	20.051	24.518	109.47	40.445	49.022	581.27	0.011910	17.988	0.076303	vapor
537.69	200.00	4.9431	0.20230	20.091	24.567	109.56	40.505	49.080	581.74	0.011841	18.013	0.076504	vapor
538.69	200.00	4.9338	0.20268	20.132	24.616	109.65	40.565	49.139	582.22	0.011773	18.037	0.076705	vapor
539.69	200.00	4.9246	0.20306	20.173	24.665	109.74	40.625	49.198	582.69	0.011704	18.062	0.076906	vapor
540.69	200.00	4.9153	0.20345	20.214	24.714	109.83	40.685	49.257	583.16	0.011637	18.086	0.077108	vapor
541.69	200.00	4.9061	0.20383	20.254	24.764	109.92	40.745	49.316	583.63	0.011569	18.111	0.077309	vapor
542.69	200.00	4.8970	0.20421	20.295	24.813	110.01	40.805	49.375	584.11	0.011502	18.135	0.077511	vapor
543.69	200.00	4.8878	0.20459	20.336	24.862	110.11	40.865	49.433	584.58	0.011435	18.160	0.077713	vapor
544.69	200.00	4.8787	0.20497	20.377	24.912	110.20	40.925	49.492	585.05	0.011369	18.184	0.077915	vapor
545.69	200.00	4.8697	0.20535	20.418	24.961	110.29	40.984	49.551	585.52	0.011303	18.209	0.078117	vapor
546.69	200.00	4.8606	0.20573	20.460	25.011	110.38	41.044	49.610	585.99	0.011238	18.233	0.078320	vapor
547.69	200.00	4.8516	0.20612	20.501	25.061	110.47	41.104	49.668	586.46	0.011173	18.258	0.078522	vapor
548.69	200.00	4.8427	0.20650	20.542	25.110	110.56	41.164	49.727	586.93	0.011108	18.282	0.078725	vapor
549.69	200.00	4.8338	0.20688	20.583	25.160	110.65	41.224	49.786	587.40	0.011044	18.306	0.078928	vapor
550.69	200.00	4.8249	0.20726	20.625	25.210	110.74	41.284	49.845	587.87	0.010980	18.331	0.079131	vapor
551.69	200.00	4.8160	0.20764	20.666	25.260	110.83	41.343	49.903	588.34	0.010917	18.355	0.079334	vapor
552.69	200.00	4.8072	0.20802	20.708	25.310	110.92	41.403	49.962	588.81	0.010853	18.379	0.079538	vapor
553.69	200.00	4.7984	0.20840	20.749	25.360	111.01	41.463	50.021	589.27	0.010791	18.404	0.079741	vapor
554.69	200.00	4.7896	0.20879	20.791	25.410	111.10	41.523	50.080	589.74	0.010728	18.428	0.079945	vapor
555.69	200.00	4.7809	0.20917	20.833	25.460	111.19	41.582	50.138	590.21	0.010666	18.452	0.080149	vapor
556.69	200.00	4.7722	0.20955	20.874	25.510	111.28	41.642	50.197	590.67	0.010604	18.476	0.080353	vapor
557.69	200.00	4.7635	0.20993	20.916	25.560	111.37	41.702	50.256	591.14	0.010543	18.500	0.080557	vapor
558.69	200.00	4.7549	0.21031	20.958	25.610	111.46	41.761	50.314	591.60	0.010482	18.525	0.080761	vapor
559.69	200.00	4.7463	0.21069	21.000	25.661	111.55	41.821	50.373	592.07	0.010422	18.549	0.080965	vapor
560.69	200.00	4.7377	0.21107	21.042	25.711	111.64	41.880	50.432	592.53	0.010361	18.573	0.081170	vapor
561.69	200.00	4.7292	0.21145	21.084	25.762	111.73	41.940	50.490	593.00	0.010301	18.597	0.081375	vapor
562.69	200.00	4.7207	0.21183	21.126	25.812	111.82	42.000	50.549	593.46	0.010242	18.621	0.081580	vapor
563.69	200.00	4.7122	0.21222	21.168	25.863	111.91	42.059	50.607	593.92	0.010183	18.645	0.081784	vapor
564.69	200.00	4.7037	0.21260	21.210	25.913	112.00	42.119	50.666	594.39	0.010124	18.669	0.081990	vapor
565.69	200.00	4.6953	0.21298	21.253	25.964	112.09	42.178	50.724	594.85	0.010065	18.693	0.082195	vapor
566.69	200.00	4.6869	0.21336	21.295	26.015	112.18	42.238	50.783	595.31	0.010007	18.717	0.082400	vapor
567.69	200.00	4.6786	0.21374	21.337	26.066	112.27	42.297	50.841	595.77	0.0099492	18.741	0.082606	vapor
568.69	200.00	4.6703	0.21412	21.380	26.117	112.36	42.357	50.900	596.23	0.0098917	18.765	0.082812	vapor
569.69	200.00	4.6620	0.21450	21.422	26.167	112.45	42.416	50.958	596.69	0.0098345	18.789	0.083017	vapor
570.69	200.00	4.6537	0.21488	21.465	26.218	112.54	42.475	51.017	597.15	0.0097777	18.813	0.083223	vapor
571.69	200.00	4.6455	0.21526	21.507	26.269	112.63	42.535	51.075	597.61	0.0097211	18.837	0.083429	vapor
572.69	200.00	4.6373	0.21564	21.550	26.321	112.72	42.594	51.134	598.07	0.0096649	18.861	0.083636	vapor
573.69	200.00	4.6291	0.21603	21.593	26.372	112.81	42.653	51.192	598.53	0.0096090	18.885	0.083842	vapor
574.69	200.00	4.6209	0.21641	21.636	26.423	112.90	42.713	51.251	598.99	0.0095535	18.909	0.084049	vapor
575.69	200.00	4.6128	0.21679	21.678	26.474	112.99	42.772	51.309	599.45	0.0094982	18.933	0.084255	vapor
576.69	200.00	4.6047	0.21717	21.721	26.526	113.07	42.831	51.367	599.90	0.0094433	18.956	0.084462	vapor
577.69	200.00	4.5967	0.21755	21.764	26.577	113.16	42.891	51.426	600.36	0.0093886	18.980	0.084669	vapor
578.69	200.00	4.5886	0.21793	21.807	26.628	113.25	42.950	51.484	600.82	0.0093343	19.004	0.084876	vapor
579.69	200.00	4.5806	0.21831	21.850	26.680	113.34	43.009	51.542	601.27	0.0092803	19.028	0.085083	vapor
580.69	200.00	4.5727	0.21869	21.894	26.732	113.43	43.068	51.601	601.73	0.0092266	19.051	0.085291	vapor
581.69	200.00	4.5647	0.21907	21.937	26.783	113.52	43.127	51.659	602.19	0.0091732	19.075	0.085498	vapor
582.69	200.00	4.5568	0.21945	21.980	26.835	113.61	43.186	51.717	602.64	0.0091201	19.099	0.085706	vapor
583.69	200.00	4.5489	0.21983	22.023	26.887	113.70	43.245	51.776	603.10	0.0090673	19.123	0.085913	vapor
584.69	200.00	4.5410	0.22021	22.067	26.938	113.79	43.305	51.834	603.55	0.0090148	19.146	0.086121	vapor
585.69	200.00	4.5332	0.22059	22.110	26.990	113.87	43.364	51.892	604.01	0.0089626	19.170	0.086329	vapor
586.69	200.00	4.5254	0.22097	22.154	27.042	113.96	43.423	51.950	604.46	0.0089107	19.193	0.086537	vapor
587.69	200.00	4.5176	0.22136	22.197	27.094	114.05	43.482	52.008	604.91	0.0088591	19.217	0.086745	vapor
588.69	200.00	4.5099	0.22174	22.241	27.146	114.14	43.541	52.066	605.37	0.0088077	19.241	0.086954	vapor
589.69	200.00	4.5021	0.22212	22.285	27.198	114.23	43.600	52.125	605.82	0.0087567	19.264	0.087162	vapor
590.69	200.00	4.4944	0.22250	22.328	27.250	114.32	43.658	52.183	606.27	0.0087059	19.288	0.087371	vapor
591.69	200.00	4.4868	0.22288	22.372	27.303	114.41	43.717	52.241	606.72	0.0086555	19.311	0.087580	vapor
592.69	200.00	4.4791	0.22326	22.416	27.355	114.49	43.776	52.299	607.17	0.0086053	19.335	0.087789	vapor
593.69	200.00	4.4715	0.22364	22.460	27.407	114.58	43.835	52.357	607.62	0.0085554	19.358	0.087998	vapor
594.69	200.00	4.4639	0.22402	22.504	27.460	114.67	43.894	52.415	608.07	0.0085057	19.382	0.088207	vapor
595.69	200.00	4.4563	0.22440	22.548	27.512	114.76	43.953	52.473	608.53	0.0084564	19.405	0.088416	vapor
596.69	200.00	4.4488	0.22478	22.592	27.565	114.85	44.011	52.531	608.97	0.0084073	19.429	0.088625	vapor
597.69	200.00	4.4413	0.22516	22.636	27.617	114.93	44.070	52.589	609.42	0.0083585	19.452	0.088835	vapor
598.69	200.00	4.4338	0.22554	22.680	27.670	115.02	44.129	52.647	609.87	0.0083099	19.475	0.089044	vapor
599.69	200.00	4.4263	0.22592	22.725	27.722	115.11	44.187	52.704	610.32	0.0082616	19.499	0.089254	vapor
